denomination_code,model,denomination,MAPE,RMSE
note_1,LSTM,RM1,0.0307933007168104,124.51521361231651
note_10,SARIMA,RM10,0.02401294615224666,267.6355786056865
note_100,SMA,RM100,0.01616691418764933,1501.9191556016938
note_20,SMA,RM20,0.030858826105155286,167.55725279544896
note_5,Prophet,RM5,0.03726812781114728,161.88961985361604
note_50,SMA,RM50,0.023676512884455273,2113.9509139240963
